,loss,mae,mape,mse,rmse,val_loss,val_mae,val_mape,val_mse,val_rmse,learning_rate
0,0.018098969012498856,0.13278013467788696,1738823.375,0.03619793802499771,0.19025756418704987,0.0012455489486455917,0.038723479956388474,244307.609375,0.0024910978972911835,0.04991089925169945,2.9999999242136255e-05
1,0.0009583528153598309,0.033059701323509216,189959.578125,0.0019167056307196617,0.04378019645810127,7.83048162702471e-05,0.007600662298500538,45352.1640625,0.0001566096325404942,0.012514377012848854,2.9999999242136255e-05
2,0.0005846380954608321,0.025868212804198265,116485.1484375,0.0011692761909216642,0.03419468179345131,7.286718755494803e-05,0.00937928818166256,75153.4765625,0.00014573437510989606,0.012072049081325531,2.9999999242136255e-05
3,0.00048089708434417844,0.023311752825975418,107701.3203125,0.0009617941686883569,0.03101280704140663,8.918740786612034e-05,0.010539025999605656,103779.453125,0.00017837481573224068,0.013355703093111515,2.9999999242136255e-05
4,0.0004124219703953713,0.021470431238412857,97856.78125,0.0008248439407907426,0.02872009575366974,7.25607096683234e-05,0.008465210907161236,147402.953125,0.0001451214193366468,0.012046635150909424,2.9999999242136255e-05
5,0.0003762594424188137,0.02032591588795185,89338.7890625,0.0007525188848376274,0.02743207849562168,0.0001220447666128166,0.012735268101096153,99106.9921875,0.0002440895332256332,0.015623364597558975,2.9999999242136255e-05
6,0.0003455388068687171,0.0192655511200428,84112.4296875,0.0006910776137374341,0.026288354769349098,0.00011314625589875504,0.01328734215348959,40467.07421875,0.0002262925117975101,0.015043022111058235,2.9999999242136255e-05
7,0.0003179557970725,0.018349817022681236,74581.4296875,0.000635911594145,0.025217287242412567,0.0001179265818791464,0.01316123642027378,43240.87109375,0.0002358531637582928,0.015357512049376965,1.4999999621068127e-05
8,0.0002998380805365741,0.017726484686136246,77250.3984375,0.0005996761610731483,0.024488287046551704,0.00011894549970747903,0.01239333301782608,51021.984375,0.00023789099941495806,0.015423715114593506,1.4999999621068127e-05
9,0.00028625724371522665,0.017265617847442627,78285.03125,0.0005725144874304533,0.023927275091409683,0.00012291719031054527,0.012829465791583061,31825.5546875,0.00024583438062109053,0.01567910611629486,1.4999999621068127e-05
10,0.00026873330352827907,0.016660936176776886,77929.9140625,0.0005374666070565581,0.023183325305581093,0.00015980031457729638,0.014250755310058594,29106.966796875,0.00031960062915459275,0.017877377569675446,1.4999999621068127e-05
11,0.000255988328717649,0.016213716939091682,82332.3671875,0.000511976657435298,0.022626901045441628,0.00012114347919123247,0.011695831082761288,41919.171875,0.00024228695838246495,0.015565569512546062,1.4999999621068127e-05
12,0.00024598705931566656,0.01581636629998684,82633.7734375,0.0004919741186313331,0.02218049019575119,0.0001525809639133513,0.013318147510290146,44030.70703125,0.0003051619278267026,0.017468884587287903,9.999999747378752e-06
13,0.00023601223074365407,0.01548509020358324,84739.6875,0.00047202446148730814,0.021726123988628387,0.00014156584802549332,0.0125766946002841,35674.13671875,0.00028313169605098665,0.01682651787996292,9.999999747378752e-06
14,0.00022846269712317735,0.015193683095276356,86916.5703125,0.0004569253942463547,0.021375812590122223,0.0001442633947590366,0.012547860853374004,55971.1875,0.0002885267895180732,0.016986075788736343,9.999999747378752e-06
15,0.00021814096544403583,0.014853937551379204,88862.5703125,0.00043628193088807166,0.020887363702058792,0.00018064038886222988,0.014259359799325466,36596.921875,0.00036128077772445977,0.01900738663971424,9.999999747378752e-06
16,0.00021590091637335718,0.014723220840096474,88508.859375,0.00043180183274671435,0.020779842510819435,0.00015340991376433522,0.013049472123384476,40034.9609375,0.00030681982752867043,0.017516274005174637,9.999999747378752e-06
17,0.00020750703697558492,0.014441009610891342,91264.6171875,0.00041501407395116985,0.020371893420815468,0.00016149763541761786,0.013485203497111797,26793.375,0.0003229952708352357,0.0179720688611269,9.999999747378752e-06
18,0.00020103788119740784,0.014184195548295975,92338.7421875,0.0004020757623948157,0.020051827654242516,0.00016905607481021434,0.013568778522312641,45017.62109375,0.0003381121496204287,0.018387826159596443,9.999999747378752e-06
19,0.00019633224292192608,0.014002881944179535,96484.0234375,0.00039266448584385216,0.01981576345860958,0.0001849213003879413,0.014324191026389599,48168.8203125,0.0003698426007758826,0.019231291487812996,9.999999747378752e-06
20,0.000191107188584283,0.0137819554656744,95967.6953125,0.000382214377168566,0.019550302997231483,0.00019193114712834358,0.014293476939201355,29056.26171875,0.00038386229425668716,0.01959240436553955,9.999999747378752e-06
21,0.00018649878620635718,0.013612122274935246,95661.078125,0.00037299757241271436,0.01931314542889595,0.00017399362695869058,0.013541319407522678,35228.234375,0.00034798725391738117,0.018654417246580124,9.999999747378752e-06
22,0.0001819583267206326,0.013422857038676739,97876.546875,0.0003639166534412652,0.019076598808169365,0.00018604776414576918,0.01415052730590105,40275.40625,0.00037209552829153836,0.019289778545498848,9.999999747378752e-06
23,0.00017712741100694984,0.013253013603389263,99803.6796875,0.0003542548220138997,0.018821658566594124,0.00013707370089832693,0.012215990573167801,42293.9453125,0.00027414740179665387,0.016557397320866585,9.999999747378752e-06
24,0.0001725832262309268,0.013117138296365738,98645.2421875,0.0003451664524618536,0.018578656017780304,0.0001734726974973455,0.013548103161156178,25992.427734375,0.000346945394994691,0.018626470118761063,9.999999747378752e-06
25,0.00016807117208372802,0.012911740690469742,97032.4765625,0.00033614234416745603,0.01833418570458889,0.00016237706586252898,0.012918803840875626,26205.931640625,0.00032475413172505796,0.018020935356616974,9.999999747378752e-06
26,0.0001659365661907941,0.012850137427449226,106932.828125,0.0003318731323815882,0.018217384815216064,0.00020622430020011961,0.015459738671779633,19623.076171875,0.00041244860040023923,0.020308829843997955,9.999999747378752e-06
27,0.00016091193538159132,0.012626809068024158,106033.75,0.00032182387076318264,0.017939450219273567,0.00017595283861737698,0.013341780751943588,25337.130859375,0.00035190567723475397,0.018759150058031082,9.999999747378752e-06
28,0.00015750252350699157,0.012487094849348068,104137.6171875,0.00031500504701398313,0.017748381942510605,0.00019580312073230743,0.014241066761314869,24787.349609375,0.00039160624146461487,0.019789043813943863,9.999999747378752e-06
29,0.000154378532897681,0.012411918491125107,108445.484375,0.000308757065795362,0.01757148467004299,0.00019648252055048943,0.014988129027187824,24493.88671875,0.00039296504110097885,0.0198233462870121,9.999999747378752e-06
