,loss,mae,mape,mse,rmse,val_loss,val_mae,val_mape,val_mse,val_rmse
0,0.003144205315038562,0.06457602232694626,7.405630111694336,0.006288410630077124,0.07929950207471848,0.002762220799922943,0.06457075476646423,7.684249401092529,0.005524441599845886,0.07432658970355988
1,0.001788515830412507,0.05135967582464218,5.808933258056641,0.003577031660825014,0.059808291494846344,0.003249857109040022,0.06852114200592041,8.370168685913086,0.006499714218080044,0.08062080293893814
2,0.0011956581147387624,0.04111751914024353,4.646544456481934,0.0023913162294775248,0.04890108481049538,0.0012200460769236088,0.04870246723294258,5.639206409454346,0.0024400921538472176,0.049397289752960205
3,0.0005947650643065572,0.027772346511483192,3.154115915298462,0.0011895301286131144,0.03448956459760666,0.002113622846081853,0.06120922043919563,7.287467956542969,0.004227245692163706,0.06501727551221848
4,0.0001069620848284103,0.011031565256416798,1.2576510906219482,0.0002139241696568206,0.014626147225499153,0.0001470321003580466,0.01637444458901882,1.954997181892395,0.0002940642007160932,0.017148301005363464
5,1.9583289031288587e-05,0.004984415136277676,0.5682827234268188,3.916657806257717e-05,0.006258320529013872,3.69467306882143e-05,0.007957113906741142,0.9522638916969299,7.38934613764286e-05,0.008596130646765232
6,9.953377229976468e-06,0.0036867030430585146,0.41999974846839905,1.9906754459952936e-05,0.004461698699742556,5.731711553380592e-06,0.002982592210173607,0.3410613238811493,1.1463423106761184e-05,0.0033857678063213825
7,1.6910419162741164e-06,0.001439434359781444,0.16339512169361115,3.3820838325482327e-06,0.0018390442710369825,7.762821041978896e-06,0.00356880621984601,0.40963229537010193,1.552564208395779e-05,0.003940259106457233
8,1.7894822121888865e-06,0.001516377436928451,0.17213661968708038,3.578964424377773e-06,0.0018918151035904884,4.815413376491051e-06,0.0028045785147696733,0.32426002621650696,9.630826752982102e-06,0.0031033572740852833
9,1.1792558325396385e-06,0.0012493862304836512,0.1416899859905243,2.358511665079277e-06,0.0015357446391135454,2.2360402454069117e-06,0.001723556313663721,0.20806723833084106,4.472080490813823e-06,0.0021147294901311398
10,2.781813691399293e-06,0.001990437274798751,0.22649574279785156,5.563627382798586e-06,0.0023587343748658895,3.316641959827393e-05,0.008015451021492481,0.9390375018119812,6.633283919654787e-05,0.008144497871398926
11,1.5264520698110573e-05,0.004559699911624193,0.5207732915878296,3.0529041396221146e-05,0.0055253091268241405,0.00010114155884366482,0.013997070491313934,1.6281945705413818,0.00020228311768732965,0.014222626574337482
12,3.219918653485365e-05,0.006548338569700718,0.7468903064727783,6.43983730697073e-05,0.008024859242141247,2.0290512111387216e-05,0.005752222612500191,0.6533418893814087,4.058102422277443e-05,0.006370323710143566
13,7.994962288648821e-06,0.003164175432175398,0.3604496717453003,1.5989924577297643e-05,0.003998740576207638,5.778345439466648e-05,0.010482029058039188,1.2128809690475464,0.00011556690878933296,0.010750205256044865
14,2.3175656679086387e-05,0.005323457531630993,0.6080593466758728,4.6351313358172774e-05,0.006808179896324873,1.3102991033520084e-05,0.004912106785923243,0.5674543976783752,2.6205982067040168e-05,0.005119177978485823
15,4.827334123547189e-06,0.0024923302698880434,0.2843073606491089,9.654668247094378e-06,0.0031071961857378483,2.877114411603543e-06,0.0020583115983754396,0.24444642663002014,5.754228823207086e-06,0.0023987973108887672
16,4.184653789707227e-06,0.0024358853697776794,0.2772132158279419,8.369307579414453e-06,0.002892975462600589,2.2497668396681547e-05,0.0064079915173351765,0.7647112011909485,4.4995336793363094e-05,0.006707856431603432
17,1.1225889466004446e-05,0.0037959956098347902,0.43333888053894043,2.2451778932008892e-05,0.004738330841064453,3.549606481101364e-05,0.00600085686892271,0.6499805450439453,7.099212962202728e-05,0.008425682783126831
18,2.6632598746800795e-05,0.005853498354554176,0.6691112518310547,5.326519749360159e-05,0.007298300974071026,5.257335942587815e-06,0.0028968036640435457,0.3324505090713501,1.051467188517563e-05,0.0032426335383206606
19,0.00012646717368625104,0.012822329998016357,1.4684890508651733,0.0002529343473725021,0.015903910622000694,0.0003121162299066782,0.023594867438077927,2.674102544784546,0.0006242324598133564,0.02498464472591877
20,3.24018437822815e-05,0.005903669632971287,0.6694847941398621,6.4803687564563e-05,0.008050073869526386,1.0071496035379823e-05,0.003369420999661088,0.37070608139038086,2.0142992070759647e-05,0.004488094709813595
21,7.970685146574397e-06,0.0032327836379408836,0.36695757508277893,1.5941370293148793e-05,0.003992664627730846,6.781399861210957e-05,0.011386084370315075,1.3472952842712402,0.00013562799722421914,0.01164594292640686
22,3.317417576909065e-05,0.006737882737070322,0.7688406705856323,6.63483515381813e-05,0.008145449683070183,6.5350914155715145e-06,0.003243716200813651,0.39026713371276855,1.3070182831143029e-05,0.003615270834416151
23,7.16409194865264e-05,0.010081877931952477,1.1538898944854736,0.0001432818389730528,0.011970039457082748,0.00016794653492979705,0.018192842602729797,2.1070570945739746,0.0003358930698595941,0.018327385187149048
24,1.648028592171613e-05,0.004226796329021454,0.4829794466495514,3.296057184343226e-05,0.005741129629313946,5.780062110716244e-06,0.003233324969187379,0.3810637295246124,1.1560124221432488e-05,0.0034000182058662176
25,1.0659388181011309e-06,0.001100705238059163,0.12464479357004166,2.1318776362022618e-06,0.0014600950526073575,8.587446131969045e-07,0.0010092916199937463,0.11304697394371033,1.717489226393809e-06,0.0013105301186442375
26,4.2943511857629346e-07,0.0007405478390865028,0.08363378047943115,8.588702371525869e-07,0.0009267525165341794,2.228318862762535e-06,0.0018310031155124307,0.2217152714729309,4.45663772552507e-06,0.0021110749803483486
27,7.614831361024699e-07,0.0010043425718322396,0.11426308006048203,1.5229662722049397e-06,0.001234085182659328,6.775097745048697e-07,0.0009127291268669069,0.10397443920373917,1.3550195490097394e-06,0.001164053101092577
28,1.4467383380178944e-06,0.0014164132298901677,0.1615907996892929,2.893476676035789e-06,0.0017010222654789686,1.3456894976116018e-06,0.0012296693166717887,0.1378016471862793,2.6913789952232037e-06,0.0016405422938987613
29,9.322140499534726e-07,0.0011347909457981586,0.12936842441558838,1.8644280999069451e-06,0.0013654406648129225,1.4882499499435653e-06,0.0015184475341811776,0.17607221007347107,2.9764998998871306e-06,0.001725253532640636
