loss,mae,val_loss,val_mae
0.6872268319129944,0.8235589861869812,0.6164671182632446,0.7805052995681763
0.6219680905342102,0.7832445502281189,0.5530807971954346,0.7379133701324463
0.5603064298629761,0.7410078644752502,0.4892166554927826,0.6908484697341919
0.4967276453971863,0.6939026713371277,0.42119887471199036,0.6355624198913574
0.42067423462867737,0.6299194097518921,0.34468838572502136,0.564817488193512
0.3469192087650299,0.5590020418167114,0.26352015137672424,0.4742065668106079
0.2585436999797821,0.45628681778907776,0.1855781525373459,0.371563196182251
0.19049063324928284,0.36867809295654297,0.12754350900650024,0.29084527492523193
0.14299163222312927,0.31099003553390503,0.10299400240182877,0.2689492404460907
0.12771140038967133,0.2964244484901428,0.08616773784160614,0.2529265880584717
0.10631769895553589,0.2732428014278412,0.0601508766412735,0.21233290433883667
0.07589034736156464,0.22840893268585205,0.03628170117735863,0.16228991746902466
0.05664050579071045,0.1939951330423355,0.022229021415114403,0.11959376931190491
0.040397487580776215,0.16000378131866455,0.01577053964138031,0.10177019238471985
0.033965058624744415,0.14236655831336975,0.011819414794445038,0.0877271294593811
0.030860405415296555,0.13455462455749512,0.007778593339025974,0.07075642049312592
0.02771131694316864,0.1267586052417755,0.0039611984975636005,0.049203500151634216
0.02612874284386635,0.12349426746368408,0.0017118981340900064,0.033386021852493286
0.025750720873475075,0.12239305675029755,0.0011152314255014062,0.02741715870797634
0.02193802036345005,0.11367888748645782,0.001144832232967019,0.026979533955454826
0.02352009527385235,0.11932170391082764,0.00102740537840873,0.026101531460881233
0.021299168467521667,0.11404392868280411,0.0008562732255086303,0.02366432175040245
0.022045699879527092,0.11473121494054794,0.0008064692956395447,0.022227058187127113
0.018744181841611862,0.10663162171840668,0.0008862793911248446,0.02355392649769783
0.023634526878595352,0.11610893160104752,0.0009198289480991662,0.024515647441148758
0.019671320915222168,0.10587342828512192,0.0007767449133098125,0.022456657141447067
0.019733089953660965,0.10400289297103882,0.0006436523981392384,0.02051871456205845
0.02088399976491928,0.10897328704595566,0.0005341463256627321,0.018715856596827507
0.02161993645131588,0.11162036657333374,0.0004376072029117495,0.017026139423251152
0.019602084532380104,0.10735936462879181,0.000406989041948691,0.016408422961831093
0.018402719870209694,0.10709838569164276,0.00036947644548490644,0.015583567321300507
0.017649855464696884,0.10234005749225616,0.0003911677049472928,0.01589842513203621
0.017576118931174278,0.10073621571063995,0.0005118642584420741,0.01841520145535469
0.019429761916399002,0.10549858957529068,0.0005478842067532241,0.019239090383052826
0.018275737762451172,0.10477970540523529,0.0004461750795599073,0.017183398827910423
0.017254050821065903,0.100658118724823,0.0003444997128099203,0.01500178687274456
0.018283845856785774,0.10530678927898407,0.0003081847680732608,0.014256761409342289
0.01885502226650715,0.10583934932947159,0.0002993186062667519,0.014088356867432594
0.018148213624954224,0.10431541502475739,0.000276079896138981,0.013579418882727623
0.014712844975292683,0.09458311647176743,0.00029623869340866804,0.014099929481744766
0.019397905096411705,0.10779476165771484,0.00035248231142759323,0.015437840484082699
0.015283232554793358,0.09409262239933014,0.0004249289631843567,0.017059840261936188
0.01848922111093998,0.10414659976959229,0.0003563171485438943,0.015523574315011501
0.013926580548286438,0.0917755514383316,0.0002979705750476569,0.014186379499733448
0.017627611756324768,0.10161888599395752,0.00024355230561923236,0.01289585791528225
0.014994120225310326,0.09472087770700455,0.00025075068697333336,0.013000944629311562
0.014110635034739971,0.09135685861110687,0.00027492630761116743,0.013596790842711926
0.01602838560938835,0.09686405211687088,0.00037726989830844104,0.01590776816010475
0.013981224969029427,0.09155148267745972,0.0004247589677106589,0.016952363774180412
0.017149386927485466,0.10146373510360718,0.0003316351503599435,0.014939111657440662
0.016518454998731613,0.09913835674524307,0.0002624190237838775,0.013354338705539703
0.012906534597277641,0.08905331790447235,0.00025091329007409513,0.013023488223552704
0.014801204204559326,0.09588325023651123,0.00025965998065657914,0.013209066353738308
0.014504184015095234,0.09256438165903091,0.000298379804007709,0.014141593128442764
0.016007665544748306,0.0990312248468399,0.0002950835332740098,0.014111639000475407
0.01675509288907051,0.10002477467060089,0.00025507918326184154,0.01320023462176323
0.01528383232653141,0.09581003338098526,0.0002415430499240756,0.012898731976747513
0.013412652537226677,0.09047991037368774,0.0002545595052652061,0.013161766342818737
0.014739224687218666,0.09545432031154633,0.00024723183014430106,0.013065465725958347
0.015460589900612831,0.09649703651666641,0.0002629749069456011,0.013421145267784595
0.014237334951758385,0.09228378534317017,0.0002572341763880104,0.01326681300997734
0.014400693587958813,0.09501032531261444,0.0002525476738810539,0.01308507937937975
0.013878708705306053,0.09289153665304184,0.00022907322272658348,0.012572472915053368
0.010634017176926136,0.08189765363931656,0.00022436105064116418,0.012542183510959148
0.012544982135295868,0.08892349898815155,0.00027734594186767936,0.013836350291967392
0.01294528879225254,0.08932559937238693,0.0002938385005109012,0.014253368601202965
0.013072097674012184,0.08862952142953873,0.0002343730302527547,0.01272714976221323
0.01321532391011715,0.08989337831735611,0.0002450003521516919,0.012872645631432533
0.012661854736506939,0.0889597088098526,0.00024019100237637758,0.012807699851691723
0.013180775567889214,0.08851201832294464,0.00023937635705806315,0.012821703217923641
0.01111951470375061,0.08255813270807266,0.0002601176383905113,0.013327752240002155
0.011318718083202839,0.08229382336139679,0.0002825904230121523,0.01384097058326006
0.014789998531341553,0.09247013181447983,0.00026311544934287667,0.013385406695306301
0.012092115357518196,0.085976742208004,0.00024663630756549537,0.01288861595094204
0.011587844230234623,0.08415982127189636,0.00023561803391203284,0.012679120525717735
0.010824414901435375,0.08246424049139023,0.00025735239614732563,0.013268385082483292
0.011884462088346481,0.083524689078331,0.0003061941242776811,0.014511584304273129
0.01283072866499424,0.08725398778915405,0.0002608327486086637,0.01338509563356638
0.014254393056035042,0.09116794168949127,0.0002659074671100825,0.013266079127788544
0.012245813384652138,0.0878155305981636,0.00027449754998087883,0.013493936508893967
0.010026715695858002,0.08059142529964447,0.000266341696260497,0.013652785681188107
0.009653264656662941,0.07639487832784653,0.0004904486704617739,0.01866905577480793
0.012133026495575905,0.08351749181747437,0.00044835160952061415,0.017807098105549812
0.012475299648940563,0.08498147875070572,0.00023941807739902288,0.01283953059464693
0.010685807093977928,0.08232881128787994,0.0002421803801553324,0.012665062211453915
0.010628364980220795,0.08170434832572937,0.0002579638676252216,0.01298823393881321
0.012852927669882774,0.08816815912723541,0.00022998634085524827,0.012412543408572674
0.012730203568935394,0.08848204463720322,0.0002295569865964353,0.012438458390533924
0.011531895026564598,0.08518148958683014,0.00028157036285847425,0.013673539273440838
0.010752558708190918,0.08201920986175537,0.00021949004440102726,0.01223745383322239
0.009885278530418873,0.07782545685768127,0.0003415434039197862,0.015411839820444584
0.01217955257743597,0.08377990126609802,0.000382213678676635,0.01637907885015011
0.010133122093975544,0.07753189653158188,0.0002575973339844495,0.013402407988905907
0.00944217573851347,0.07639271020889282,0.00022658074158243835,0.012500971555709839
0.01203052420169115,0.08338997513055801,0.00023787785903550684,0.012558507733047009
0.010416604578495026,0.08126747608184814,0.00022330998035613447,0.01225436944514513
0.010122162289917469,0.07889943569898605,0.0002044628345174715,0.011910288594663143
0.00964074395596981,0.07773637026548386,0.00020371749997138977,0.01193623524159193
0.0120809031650424,0.08580054342746735,0.00020697199215646833,0.011942373588681221
0.011798371560871601,0.0844612866640091,0.0002233676059404388,0.012277521193027496
0.009290749207139015,0.07700476795434952,0.000243665388552472,0.01273428089916706
0.012827826663851738,0.08820249140262604,0.00026378934853710234,0.013180891051888466
0.00808720476925373,0.07244129478931427,0.0002119037671945989,0.012053416110575199
0.011047737672924995,0.08117362856864929,0.00023899058578535914,0.01275078859180212
0.01100885309278965,0.08116154372692108,0.000261808221694082,0.013032262213528156
0.009339381940662861,0.07688149809837341,0.00027597416192293167,0.013315737247467041
0.0095929354429245,0.07799281179904938,0.00023352332937065512,0.012390578165650368
0.00861149188131094,0.07380346208810806,0.00023806505487300456,0.012782739475369453
0.009578077122569084,0.07782416045665741,0.0002099870180245489,0.012047325260937214
0.009769001975655556,0.07779356092214584,0.00021380693942774087,0.012168249115347862
0.010273529216647148,0.07765450328588486,0.00022310037456918508,0.012424681335687637
0.011266401037573814,0.08292075246572495,0.00027845034492202103,0.01340399868786335
0.010333915241062641,0.08184467256069183,0.0003496546996757388,0.01499838475137949
0.009520730003714561,0.07866654545068741,0.00020376575412228703,0.011816493235528469
0.007886230014264584,0.07016290724277496,0.0004174406349193305,0.01731978729367256
0.008618065156042576,0.07203967869281769,0.00046622633817605674,0.018395166844129562
0.008932285942137241,0.07325566560029984,0.00022511558199767023,0.012521381489932537
0.009385292418301105,0.0758090689778328,0.00039352773455902934,0.016020525246858597
0.009251946583390236,0.07724417746067047,0.00048740635975264013,0.018141498789191246
0.007909645326435566,0.0705389603972435,0.0002010725875152275,0.01179989892989397
0.0089702308177948,0.07416678220033646,0.00026051103486679494,0.013479344546794891
0.008168837986886501,0.06958211958408356,0.0003199648344889283,0.014934202656149864
0.00909622572362423,0.07347448170185089,0.0002127343905158341,0.012184852734208107
0.007845781743526459,0.07170983403921127,0.00021466863108798862,0.012097112834453583
0.00844545103609562,0.07303591072559357,0.00023155679809860885,0.012735985219478607
0.009442731738090515,0.07575036585330963,0.00022959829948376864,0.012728363275527954
0.009322171099483967,0.07574120163917542,0.00021046925394330174,0.012005563825368881
0.007883350364863873,0.07065529376268387,0.0002540294372010976,0.012902173213660717
0.008059937506914139,0.07069176435470581,0.000216380474739708,0.01212404016405344
0.008328258991241455,0.07228395342826843,0.00020902659161947668,0.012008601799607277
0.007880237884819508,0.06958788633346558,0.0002482401905581355,0.013248631730675697
0.008320637047290802,0.07087460905313492,0.0003610862768255174,0.015944015234708786
0.009369971230626106,0.07418642193078995,0.0002061750419670716,0.012025048956274986
0.010107028298079967,0.0787539854645729,0.0005151127115823328,0.018733059987425804
0.008466134779155254,0.07327008247375488,0.0005993724334985018,0.020657328888773918
0.0078281220048666,0.07185408473014832,0.00021007051691412926,0.011887524276971817
0.00814274325966835,0.0694333091378212,0.0004117816570214927,0.017096856608986855
0.008504785597324371,0.0712747797369957,0.0002749277919065207,0.013787331990897655
0.009157729335129261,0.0738101601600647,0.00039833292248658836,0.01613452285528183
0.008239062502980232,0.07353483140468597,0.0006032061064615846,0.020569978281855583
0.008557610213756561,0.07318805158138275,0.00029378055478446186,0.013747377321124077
0.008056250400841236,0.0720164030790329,0.00022158268257044256,0.012392443604767323
0.006989640649408102,0.06632370501756668,0.000397493684431538,0.016861218959093094
0.008982205763459206,0.07266706228256226,0.000263449881458655,0.013628103770315647
0.008146846666932106,0.06972809135913849,0.00023152626818045974,0.012400065548717976
0.007111258804798126,0.06792476028203964,0.00030648038955405354,0.01404461357742548
0.007428850047290325,0.0685134083032608,0.0002489404287189245,0.012709562666714191
0.006878880318254232,0.066653773188591,0.0002556098042987287,0.013318609446287155
0.00692552188411355,0.06425882130861282,0.00036260191700421274,0.01596779376268387
0.007871503941714764,0.0688142254948616,0.00022323908342514187,0.012347578071057796
0.0067134215496480465,0.06652699410915375,0.0002427577564958483,0.012615161016583443
0.007669107522815466,0.06940831243991852,0.00024306941486429423,0.012682230211794376
0.007920194417238235,0.0691726952791214,0.00023595575476065278,0.012483304366469383
0.0069778067991137505,0.0653780847787857,0.0001974426704691723,0.011623043566942215
0.008510535582900047,0.07185153663158417,0.00021059782011434436,0.011922139674425125
0.007991598919034004,0.07095743715763092,0.00031779956771060824,0.014387862756848335
0.00727631151676178,0.06762553751468658,0.000238451364566572,0.01252781506627798
0.008044665679335594,0.07005157321691513,0.00019473553402349353,0.011567151173949242
0.007113919593393803,0.0661226138472557,0.0001931824372150004,0.011598062701523304
0.007609101478010416,0.06826808303594589,0.00021666761313099414,0.012065393850207329
0.007095620036125183,0.06680552661418915,0.00037933062412776053,0.01563139632344246
0.007065779063850641,0.06568775326013565,0.0005030735046602786,0.018334824591875076
0.008119381032884121,0.06954356282949448,0.00030902388971298933,0.014028550125658512
0.0070757633075118065,0.06608235090970993,0.00020450595184229314,0.011939679272472858
0.0074219168163836,0.06643781065940857,0.0002623664331622422,0.013481205329298973
0.007537504192441702,0.06575677543878555,0.00023801038332749158,0.012622585520148277
0.006973607931286097,0.06492163240909576,0.0003169087285641581,0.014464033767580986
0.006769599858671427,0.06664334237575531,0.00027046960894949734,0.013369468040764332
0.006301817484200001,0.06315983831882477,0.00019109321874566376,0.01147647574543953
0.006257669534534216,0.06289425492286682,0.00018893627566285431,0.011405347846448421
0.007249876856803894,0.06686179339885712,0.00019745055760722607,0.011747753247618675
0.006879731081426144,0.06530856341123581,0.00019165540288668126,0.011491037905216217
0.0071731568314135075,0.06583767384290695,0.0005615666159428656,0.019858820363879204
0.006388720124959946,0.06424228101968765,0.00022551343136001378,0.012108957394957542
0.005723509006202221,0.0602094903588295,0.00024115493579301983,0.013019281439483166
0.00604230584576726,0.060623377561569214,0.00021939138241577893,0.012413800694048405
0.0057375142350792885,0.05913880467414856,0.0001941849332069978,0.011531847529113293
0.006484051235020161,0.06549637019634247,0.0001988962321775034,0.011622046120464802
0.004967986140400171,0.05770561099052429,0.000279174477327615,0.014002365991473198
0.007055400870740414,0.0650717169046402,0.00018809684843290597,0.011503597721457481
0.006289376411587,0.061989717185497284,0.0005462459521368146,0.019549669697880745
0.007159246597439051,0.06688866019248962,0.0008048823219724,0.024982811883091927
0.00799129344522953,0.07105150073766708,0.00029609110788442194,0.013691349886357784
0.005721817258745432,0.06065846234560013,0.00026200999855063856,0.01362729910761118
0.006613495759665966,0.06311926990747452,0.0002674412971828133,0.013773573562502861
0.005667183548212051,0.05996979400515556,0.00019095855532214046,0.011641401797533035
0.005401381757110357,0.0573364794254303,0.00019278396212030202,0.011414740234613419
0.0060700224712491035,0.06194552034139633,0.00036796965287066996,0.01556294783949852
0.00702862162142992,0.06722880899906158,0.0005142348236404359,0.018983343616127968
0.006778057664632797,0.06580598652362823,0.00022475706646218896,0.012071086093783379
0.006173410452902317,0.0628274530172348,0.00018680393986869603,0.011371451430022717
0.0076172612607479095,0.06639256328344345,0.00020806436077691615,0.011659401468932629
0.006048310082405806,0.06341387331485748,0.0002586407936178148,0.012770896777510643
0.006253785453736782,0.06268183887004852,0.00018314059707336128,0.011204451322555542
0.005822381004691124,0.05927739292383194,0.0001833403657656163,0.011199797503650188
0.006512589752674103,0.06276147812604904,0.00018074775289278477,0.011219501495361328
0.005729351658374071,0.060140639543533325,0.0001821885962272063,0.011168315075337887
0.00526053924113512,0.058408576995134354,0.00017841400403995067,0.011124568991363049
0.005569656379520893,0.059460900723934174,0.00018554565031081438,0.01124559435993433
0.00506932195276022,0.055805545300245285,0.00018704588001128286,0.011486449278891087
0.005599880125373602,0.05979114770889282,0.00019587334827519953,0.011778281070291996
0.0055433898232877254,0.05696401745080948,0.00018002789875026792,0.011194988153874874
0.006075724959373474,0.06075716018676758,0.00027120683807879686,0.013180735521018505
0.006654889788478613,0.06371328979730606,0.00031891369144432247,0.01438180822879076
0.0057824342511594296,0.0606435164809227,0.00019991249428130686,0.011649210005998611
0.005533307325094938,0.0596596784889698,0.00020067211880814284,0.011645246297121048
0.005991692189127207,0.06069053336977959,0.00021593127166852355,0.011893029324710369
0.006357316859066486,0.06355459988117218,0.0002762479998636991,0.013250903226435184
0.004896034486591816,0.05590121075510979,0.00018028118938673288,0.011139159090816975
0.004995050374418497,0.056171905249357224,0.0002525192976463586,0.013356135226786137
0.006872772239148617,0.0633491575717926,0.00018894983804784715,0.011290187016129494
0.006041484884917736,0.06106168031692505,0.0004586562281474471,0.017475243657827377
0.007345837540924549,0.06670687347650528,0.00042980711441487074,0.016829825937747955
0.006084248423576355,0.06320489943027496,0.00024516595294699073,0.012455668300390244
0.005325955804437399,0.05897616222500801,0.00018175436707679182,0.011209334246814251
0.0053644017316401005,0.05893024802207947,0.00018427235772833228,0.011298345401883125
0.006219376344233751,0.06224594637751579,0.00018307495338376611,0.0112996157258749
0.0057413047179579735,0.05832812935113907,0.00019950457499362528,0.01148004736751318
0.006402096711099148,0.06115619093179703,0.0003245379775762558,0.014447045512497425
0.005392575636506081,0.05932475998997688,0.00018481217557564378,0.01122298277914524
0.005841984413564205,0.059467244893312454,0.00019856814469676465,0.011865981854498386
0.0052834684029221535,0.05878967046737671,0.00018960778834298253,0.011314481496810913
0.005964692682027817,0.06137213855981827,0.00036379668745212257,0.015336551703512669
0.005777278449386358,0.06100492924451828,0.00023113588395062834,0.012139067985117435
0.0059608458541333675,0.06104736775159836,0.00022289737535174936,0.01255000103265047
0.005762371700257063,0.05902593582868576,0.00018139116582460701,0.01105868723243475
0.0059651262126863,0.0595623143017292,0.0005345914978533983,0.01946810446679592
0.004918034188449383,0.05707509443163872,0.00029643162270076573,0.013700978830456734
0.005584594793617725,0.05962838977575302,0.00024017666873987764,0.012938613072037697
0.005376455374062061,0.05696425959467888,0.0002669219975359738,0.013699935749173164
0.005120376590639353,0.05654986575245857,0.00020431123266462237,0.011534239165484905
0.005887540988624096,0.0608755461871624,0.0007922209915705025,0.02506438083946705
0.005549325607717037,0.06079103425145149,0.0006212645675987005,0.021514421328902245
0.005210208706557751,0.05762257054448128,0.00019669171888381243,0.01176153402775526
0.005966815631836653,0.059710316359996796,0.00023427252017427236,0.012864054180681705
0.00550489965826273,0.057854969054460526,0.0001997162471525371,0.011485409922897816
0.005580299533903599,0.05871579796075821,0.0003812737704720348,0.01584310457110405
0.005125728901475668,0.05688429996371269,0.0001750605006236583,0.010924624279141426
0.0061011104844510555,0.059696298092603683,0.00018217519391328096,0.011050267145037651
0.006460211239755154,0.06233373284339905,0.0003895018598996103,0.015834571793675423
0.005704335868358612,0.06035015732049942,0.0004916967591270804,0.01833379827439785
0.0062830508686602116,0.06374610960483551,0.00024700985522940755,0.012462040409445763
0.004901391454041004,0.05643974989652634,0.0002090070047415793,0.0120550487190485
0.00532426405698061,0.0572664849460125,0.00022073836589697748,0.01240177545696497
0.005676593631505966,0.057894568890333176,0.00018508685752749443,0.011091573163866997
0.004928392358124256,0.05751681327819824,0.0002452800690662116,0.012442279607057571
0.005667328368872404,0.0599316842854023,0.00018678087508305907,0.011460384353995323
0.005262481980025768,0.05662565678358078,0.00019198571681044996,0.011613970622420311
0.0047872490249574184,0.05317490175366402,0.00019673486531246454,0.011332402005791664
0.0051577030681073666,0.055694423615932465,0.00023452464665751904,0.01221955195069313
0.005742684938013554,0.06184764951467514,0.00017118714458774775,0.010868842713534832
0.005008677951991558,0.05566054582595825,0.00017924141138792038,0.01121240109205246
0.005864688195288181,0.05814112350344658,0.00017072960326913744,0.010871294885873795
0.004955615848302841,0.05610962584614754,0.00040638804784975946,0.016438059508800507
0.005774779710918665,0.06026354432106018,0.0004709743079729378,0.018021339550614357
0.005332556553184986,0.05776672437787056,0.00031134270830079913,0.014133797027170658
0.00555917713791132,0.05879450589418411,0.0003441282024141401,0.014919715002179146
0.0043371072970330715,0.052851010113954544,0.0001735158875817433,0.01097844261676073
0.005884204991161823,0.0595860593020916,0.00021948025096207857,0.011861616745591164
0.005496809724718332,0.05820198729634285,0.0008642542525194585,0.026445960626006126
0.005317616742104292,0.0595216266810894,0.00043019314762204885,0.01704072393476963
0.004813299514353275,0.05555091053247452,0.00024703500093892217,0.013218437321484089
0.004386933054775,0.05197088047862053,0.00028310620109550655,0.014183497056365013
0.005525864195078611,0.05716420337557793,0.00031121165375225246,0.014171609655022621
0.005044447723776102,0.058553677052259445,0.0006039782892912626,0.021198580041527748
0.005182033870369196,0.058292925357818604,0.00020547595340758562,0.01153623778373003
0.005300714634358883,0.05678461864590645,0.0003312279295641929,0.01468520425260067
0.004643360618501902,0.05490156263113022,0.000259274966083467,0.012819461524486542
0.004500988870859146,0.053815919905900955,0.00019680114928632975,0.011719370260834694
0.0054667191579937935,0.05721535161137581,0.0001831402041716501,0.01127300038933754
0.0038297076243907213,0.05015047639608383,0.00018041502335108817,0.011007260531187057
0.0044889007695019245,0.052923671901226044,0.0002258756576338783,0.012000110000371933
0.005570870358496904,0.05840711668133736,0.00044169797911308706,0.017358267679810524
0.005461636930704117,0.05885567516088486,0.00032198234112001956,0.01440956350415945
0.0039556147530674934,0.05110515281558037,0.0003863490710500628,0.016649587079882622
0.005021889694035053,0.055214326828718185,0.00035356037551537156,0.015828615054488182
0.0043609305284917355,0.05209736153483391,0.0001978794316528365,0.01140185259282589
0.0044525740668177605,0.05385791137814522,0.00023695699928794056,0.012310560792684555
0.00537718553096056,0.058320485055446625,0.00018850316700991243,0.01114359125494957
0.004188082180917263,0.05300126224756241,0.00016627824516035616,0.010785484686493874
0.0042253583669662476,0.05150798708200455,0.0002685764920897782,0.013856005854904652
0.004467780701816082,0.052399612963199615,0.00017011826275847852,0.010868947952985764
0.004846496973186731,0.05257739871740341,0.00047660397831350565,0.01818210817873478
0.005493717733770609,0.05897095799446106,0.001145948306657374,0.031387969851493835
0.005788831505924463,0.0635998398065567,0.00020263415353838354,0.01141083799302578
0.005064867902547121,0.055657196789979935,0.00025040918262675405,0.013398656621575356
0.005257306154817343,0.05509538576006889,0.00025427882792428136,0.012654359452426434
0.004086730536073446,0.05228278785943985,0.00042222734191454947,0.016812922433018684
0.004310484044253826,0.05273415520787239,0.00025145194376818836,0.012625155039131641
0.004207662306725979,0.05067489668726921,0.0001853205030784011,0.011412924155592918
0.004363485611975193,0.05110405012965202,0.0002654101699590683,0.013765714131295681
0.004418090917170048,0.05099368840456009,0.00022548275592271239,0.011935967020690441
0.004978247452527285,0.05532066896557808,0.0007575624622404575,0.024356408044695854
0.00498174037784338,0.05754343420267105,0.00019923559739254415,0.01132518332451582
0.00423080800101161,0.05177811533212662,0.0005376619519665837,0.020214861258864403
0.005242958199232817,0.05467613413929939,0.00017191702499985695,0.011024275794625282
0.00419646967202425,0.052260834723711014,0.0006121060578152537,0.02143637090921402
0.004335436038672924,0.05341939255595207,0.00028699214453808963,0.013567048124969006
0.004434969741851091,0.05328819155693054,0.00026178709231317043,0.013640666380524635
0.004491124767810106,0.05100361257791519,0.0002779257483780384,0.014055602252483368
