temperature_c,soc,frequency_hz,z_real_ohm,z_imag_ohm,z_mag_ohm,z_phase_deg
25.0,0.9,1000.0,10.638140285585157,-5.710579261047112,12.07396969652033,-28.227010265955037
25.0,0.9,438.19424216194363,12.290959169095867,-4.908342150069148,13.234783714081889,-21.769086250762005
25.0,0.9,192.0141938638801,12.800934671690813,-6.9242714749277345,14.553675272156992,-28.409807081949673
25.0,0.9,84.13951416451951,13.56916675328393,-13.808220083387958,19.35947386293606,-45.500281450999495
25.0,0.9,36.869450645195755,17.13171083056381,-30.129594675827157,34.659601718884325,-60.37740631237646
25.0,0.9,16.155980984398738,33.486718973021574,-63.018063563364855,71.36271213213814,-62.014589053859154
25.0,0.9,7.07945784384138,89.06647905018863,-102.10414178154556,135.4920420517148,-48.90147887054928
25.0,0.9,3.1021776647995014,170.90096588767727,-92.47640185228406,194.31681615569497,-28.4183101183036
25.0,0.9,1.3593563908785256,211.60517314552393,-51.0846415984403,217.68415171800694,-13.572361209788374
25.0,0.9,0.5956621435290104,222.00729797362987,-23.87582419559388,223.28747240848733,-6.138294769703357
25.0,0.9,0.2610157215682536,224.37450454309462,-11.17592682217675,224.65266441619124,-2.8515034701872204
25.0,0.9,0.11437558630495377,225.33287174139346,-5.7483548327595075,225.40618152683078,-1.4613271892757398
25.0,0.9,0.05011872336272722,226.08820527456348,-3.479713395205048,226.11498174509782,-0.8817671442543844
25.0,0.7,1000.0,10.641574772495028,-5.71117446286435,12.077277316675167,-28.221791875689565
25.0,0.7,438.19424216194363,12.306547937639907,-4.908123780789377,13.24918115164025,-21.743207915439395
25.0,0.7,192.0141938638801,12.882124160903276,-6.918763707963131,14.622531044369701,-28.239468138016555
25.0,0.7,84.13951416451951,13.985625387408847,-13.741792687459192,19.607003436069515,-44.496158478796566
25.0,0.7,36.869450645195755,19.113560424268027,-29.369618815568572,35.04144262817877,-56.944178596061626
25.0,0.7,16.155980984398738,40.56244529904731,-55.984852602457124,69.13476469589708,-54.0757176706277
25.0,0.7,7.07945784384138,91.60771037976818,-69.46318475622704,114.96567591025253,-37.171873949095946
25.0,0.7,3.1021776647995014,134.5161319929203,-46.99848300389094,142.49016517291213,-19.258862931545686
25.0,0.7,1.3593563908785256,148.71173570552062,-23.108306745196938,150.49642579536146,-8.832549087309117
25.0,0.7,0.5956621435290104,151.90418315560598,-10.572911817667093,152.2716891758808,-3.981508637082208
25.0,0.7,0.2610157215682536,152.70352750112787,-4.993881772736359,152.78516343692468,-1.8730831884651082
25.0,0.7,0.11437558630495377,153.17947455381974,-2.589865924195661,153.20136693283652,-0.9686301012748753
25.0,0.7,0.05011872336272722,153.55910703122407,-1.4463119186475308,153.56591799742856,-0.5396301146530448
25.0,0.5,1000.0,10.642779284244593,-5.7112413111140965,12.078370262867509,-28.2193693077412
25.0,0.5,438.19424216194363,12.311856151522198,-4.907831661735131,13.254003678726848,-21.7335343403268
25.0,0.5,192.0141938638801,12.909911336104226,-6.9157901338723855,14.645612444750784,-28.177783868809257
25.0,0.5,84.13951416451951,14.127069436712008,-13.712451458984999,19.68769706910136,-44.14674881936812
25.0,0.5,36.869450645195755,19.76050492498027,-29.059380717971013,35.14150199695732,-55.784127938972695
25.0,0.5,16.155980984398738,42.32920289903472,-53.40074380983836,68.1425040449178,-51.597169888328494
25.0,0.5,7.07945784384138,90.10703499804414,-61.101624435714314,108.87004300918518,-34.141214883871676
25.0,0.5,3.1021776647995014,124.81493569084809,-38.79022614976104,130.70367177803442,-17.26430031494863
25.0,0.5,1.3593563908785256,135.38647773390937,-18.722959222682586,136.67497047831608,-7.873646373855168
25.0,0.5,0.5956621435290104,137.7350358137269,-8.564676217551717,138.00106437748997,-3.558199862770715
25.0,0.5,0.2610157215682536,138.35937023792127,-4.0885200956648315,138.4197649514217,-1.6925980308318922
25.0,0.5,0.11437558630495377,138.7897374973788,-2.161598932238088,138.80656952945407,-0.8922884746759876
25.0,0.5,0.05011872336272722,139.14087002836717,-1.2139892296598438,139.14616589076644,-0.4998868724469283
25.0,0.3,1000.0,10.642426470643061,-5.711226708007538,12.078052479323922,-28.220099662130597
25.0,0.3,438.19424216194363,12.310250518762158,-4.90792304068641,13.252546034931724,-21.73647179072534
25.0,0.3,192.0141938638801,12.901487396175698,-6.916703774679651,14.638619065347255,-28.196505475224168
25.0,0.3,84.13951416451951,14.083900828139388,-13.721349513987025,19.66295234754581,-44.252965436160494
25.0,0.3,36.869450645195755,19.56306649456436,-29.153728714013507,35.109165022840436,-56.13714942987229
25.0,0.3,16.155980984398738,41.81989803935352,-54.187166183628236,68.44817638939746,-52.34020427760817
25.0,0.3,7.07945784384138,90.65353996714595,-63.52262372744223,110.69411923762316,-35.01964448427391
25.0,0.3,3.1021776647995014,127.63702102449083,-41.05592378431562,134.0775820701949,-17.830987506932342
25.0,0.3,1.3593563908785256,139.17283971621967,-19.9207627867801,140.5913087807484,-8.145807621577076
25.0,0.3,0.5956621435290104,141.74114442495696,-9.11617737798802,142.03399844010394,-3.679948275792871
25.0,0.3,0.2610157215682536,142.41371563750843,-4.346605003012272,142.48003150172772,-1.7481801799415175
25.0,0.3,0.11437558630495377,142.86315658745647,-2.2996319021216074,142.88166368368394,-0.9221959496666854
25.0,0.3,0.05011872336272722,143.2342289006265,-1.310489115096491,143.24022378674874,-0.5242001228248044
25.0,0.1,1000.0,10.64031182837391,-5.710944592920438,12.07605581091943,-28.22366448751406
25.0,0.1,438.19424216194363,12.300727393388508,-4.908375261075973,13.243868094707114,-21.753546668159217
25.0,0.1,192.0141938638801,12.851955663586521,-6.921282223106462,14.597154242888687,-28.304206217790835
25.0,0.1,84.13951416451951,13.832710985007427,-13.769599595074453,19.517832005717736,-44.868996112823936
25.0,0.1,36.869450645195755,18.39835871543422,-29.68701222464777,34.92589724328039,-58.211668037185376
25.0,0.1,16.155980984398738,38.321366750566895,-58.69381012543749,70.0962944574987,-56.859358414031036
25.0,0.1,7.07945784384138,92.28052972330326,-79.956924242138,122.1016212024904,-40.907456072080954
25.0,0.1,3.1021776647995014,146.49628683033893,-58.87772237343849,157.88523758401428,-21.895485651920104
25.0,0.1,1.3593563908785256,166.59390297828003,-29.772142511824583,169.23329748982903,-10.132414373711459
25.0,0.1,0.5956621435290104,171.23563660404776,-13.628929583431272,171.77715495601743,-4.550673468620424
25.0,0.1,0.2610157215682536,172.31867594056428,-6.3070543144915785,172.4340598954718,-2.096153265858722
25.0,0.1,0.11437558630495377,172.82310114730572,-3.1009436660501515,172.85091883409783,-1.0279408262250538
25.0,0.1,0.05011872336272722,173.16691303467925,-1.5716703283479707,173.17404516145362,-0.5200046737150215
30.0,0.9,1000.0,10.556422675447092,-5.77756737437171,12.034049379493919,-28.69204337662038
30.0,0.9,438.19424216194363,12.264901054240925,-4.953452056074676,13.227414151758861,-21.992410910858993
30.0,0.9,192.0141938638801,12.818293117602567,-6.943741633765458,14.578209297621745,-28.44465490635073
30.0,0.9,84.13951416451951,13.741857638263003,-13.790688686155757,19.468480828990014,-45.10161828066764
30.0,0.9,36.869450645195755,18.03026169218105,-29.826502953887793,34.8526988215663,-58.84684027677187
30.0,0.9,16.155980984398738,37.05817570091283,-59.96116178167518,70.48864666375678,-58.28242898400209
30.0,0.9,7.07945784384138,92.05313328320925,-85.66429123193615,125.7463722718324,-42.94113538755201
30.0,0.9,3.1021776647995014,152.91132589185062,-66.33195198175972,166.67873721538155,-23.450890522097342
30.0,0.9,1.3593563908785256,177.07980898618814,-34.228211234169684,180.35750384964808,-10.93993393417437
30.0,0.9,0.5956621435290104,182.79715340497447,-15.848517982347255,183.48290060710985,-4.95515458122783
30.0,0.9,0.2610157215682536,184.17827063246222,-7.577752494797571,184.33409263084488,-2.356024381175524
30.0,0.9,0.11437558630495377,184.9260889801478,-4.124562956077998,184.9720800690531,-1.2777043845088691
30.0,0.9,0.05011872336272722,185.59841376267997,-2.739837739032825,185.61863565401825,-0.8457493471456475
30.0,0.7,1000.0,10.56065526036256,-5.77812624234065,12.038030669534328,-28.684704961632367
30.0,0.7,438.19424216194363,12.284483135422155,-4.952424204777433,13.2451889910464,-21.956566497231684
30.0,0.7,192.0141938638801,12.920304455342727,-6.934096308681666,14.663422480335955,-28.221659709563557
30.0,0.7,84.13951416451951,14.26080170310052,-13.687653985179201,19.766697671415596,-43.82518220933175
30.0,0.7,36.869450645195755,20.40896005292866,-28.6899884607846,35.208537151122755,-54.5734087203669
30.0,0.7,16.155980984398738,43.858319058765474,-50.63160898368292,66.98590880877136,-49.10010114692604
30.0,0.7,7.07945784384138,87.84990854336489,-53.475857726368524,102.84587396025367,-31.329644789113022
30.0,0.7,3.1021776647995014,115.77642561421735,-32.18573415648207,120.16697637535921,-15.535879125919314
30.0,0.7,1.3593563908785256,123.72803525034188,-15.303040981319782,124.67080560494423,-7.050700500421137
30.0,0.7,0.5956621435290104,125.48102157273802,-7.017887612119256,125.67711614082445,-3.201096704186017
30.0,0.7,0.2610157215682536,125.99245603537625,-3.40941937816131,126.03857789709625,-1.5500743944602333
30.0,0.7,0.11437558630495377,126.39582634434618,-1.855258372744886,126.40944150220645,-0.8409363250271578
30.0,0.7,0.05011872336272722,126.72022483353103,-1.097631337452027,126.72497850232058,-0.4962749271538444
30.0,0.5,1000.0,10.56196092599729,-5.778110391404705,12.039168505239578,-28.681656219733988
30.0,0.5,438.19424216194363,12.2911220805324,-4.952117393567484,13.251231968319955,-21.94460302654155
30.0,0.5,192.0141938638801,12.954399149261954,-6.9305377877474585,14.691794013863463,-28.1465550977384
30.0,0.5,84.13951416451951,14.433108559914645,-13.639368266005622,19.8581718543778,-43.38041168480958
30.0,0.5,36.869450645195755,21.153356147396398,-28.233504355855967,35.27882147281469,-53.15839016098742
30.0,0.5,16.155980984398738,45.26573981147977,-47.47234201376462,65.59428677066644,-46.36303382160345
30.0,0.5,7.07945784384138,84.84789216151093,-46.05198343720608,96.53988803987754,-28.491308932453798
30.0,0.5,3.1021776647995014,106.80214666235783,-26.37376984809568,110.01033709469357,-13.871137330649875
30.0,0.5,1.3593563908785256,112.67790204673452,-12.387524401788133,113.35678352202129,-6.273759058081744
30.0,0.5,0.5956621435290104,113.97136581624365,-5.697317860537854,114.11367865783679,-2.861778176048747
30.0,0.5,0.2610157215682536,114.38767687718789,-2.80934735446968,114.42217029019336,-1.4068945092720342
30.0,0.5,0.11437558630495377,114.76052761083072,-1.5617748425308258,114.77115420773201,-0.7796895437446165
30.0,0.5,0.05011872336272722,115.06003994443714,-0.9241962058123229,115.0637515929422,-0.4602067173926053
30.0,0.3,1000.0,10.561563060513775,-5.778137205990547,12.038832329277675,-28.682676969020992
30.0,0.3,438.19424216194363,12.289097789603892,-4.9521971600742525,13.249384181715568,-21.948194383771924
30.0,0.3,192.0141938638801,12.944009741130769,-6.931630123920125,14.683149674144344,-28.169437825085367
30.0,0.3,84.13951416451951,14.381212591431554,-13.65565862533711,19.83169907223517,-43.51759836545749
30.0,0.3,36.869450645195755,20.9280512667964,-28.372313481329286,35.2558009710243,-53.586686848410466
30.0,0.3,16.155980984398738,44.88420034177489,-48.42973461831845,66.03052805726558,-47.17595021139784
30.0,0.3,7.07945784384138,85.79070661414724,-48.162988885841074,98.3855621510206,-29.30989797982876
30.0,0.3,3.1021776647995014,109.38749797359618,-27.967927181362572,112.9062870868824,-14.341996339240353
30.0,0.3,1.3593563908785256,115.8100593705473,-13.18193574060345,116.5578537949249,-6.493673284996354
30.0,0.3,0.5956621435290104,117.2236320928779,-6.061735039321738,117.38025623048084,-2.960177497244367
30.0,0.3,0.2610157215682536,117.66741100791101,-2.98447137366318,117.70525342007838,-1.4529168113108106
30.0,0.3,0.11437558630495377,118.05544118112279,-1.6628961054134273,118.06715214625507,-0.8069990437105038
30.0,0.3,0.05011872336272722,118.37381368406258,-1.0046053958294874,118.37807650959063,-0.48624155651885215
30.0,0.1,1000.0,10.559250481277312,-5.778027432616429,12.036750879636212,-28.68750195859189
30.0,0.1,438.19424216194363,12.277409751910733,-4.9529530130368595,13.23882675185621,-21.970135272203454
30.0,0.1,192.0141938638801,12.883355419680308,-6.937981744641062,14.632718050956173,-28.30348060177074
30.0,0.1,84.13951416451951,14.07288336433029,-13.729295546489068,19.66061042767718,-44.29195730293577
30.0,0.1,36.869450645195755,19.57106726783549,-29.144666652424103,35.10610015770854,-56.11806545770342
30.0,0.1,16.155980984398738,41.87306672821961,-54.09332344053462,68.4064423725443,-52.25692682793623
30.0,0.1,7.07945784384138,90.57293449779289,-63.21675622943902,110.45277149856312,-34.913700059991015
30.0,0.1,3.1021776647995014,127.26879062369566,-40.763893469653034,133.63771951669673,-17.76013980939856
30.0,0.1,1.3593563908785256,138.68151536432438,-19.75537811949139,140.08153935615292,-8.107319505984485
30.0,0.1,0.5956621435290104,141.2178132318182,-9.01626228845116,141.5053488728636,-3.6531761317184084
30.0,0.1,0.2610157215682536,141.87507369261343,-4.251553224516819,141.93876228890184,-1.7164620360730485
30.0,0.1,0.11437558630495377,142.2809249838208,-2.1591153617094907,142.29730634624397,-0.8693976592169352
30.0,0.1,0.05011872336272722,142.56401113652487,-1.1321926542209761,142.5685068012619,-0.4550131301901044
35.0,0.9,1000.0,10.483628550177073,-5.844937563690542,12.002906427258715,-29.140978568818845
35.0,0.9,438.19424216194363,12.249567190945607,-4.998706271830596,13.230229051589756,-22.198999587019976
35.0,0.9,192.0141938638801,12.853509798365996,-6.96176741098778,14.617760417429961,-28.44103169774577
35.0,0.9,84.13951416451951,13.964484517378667,-13.759536420426146,19.604378856294886,-44.576452236018234
35.0,0.9,36.869450645195755,19.101460530134034,-29.370821168181863,35.03585207294934,-56.9618358153429
35.0,0.9,16.155980984398738,40.570078887062095,-55.9419393167352,69.10449967563419,-54.04971692870336
35.0,0.9,7.07945784384138,91.55547851005376,-69.31765822144538,114.8361588808596,-37.12976358095375
35.0,0.9,3.1021776647995014,134.31095412414413,-46.86947288486822,142.2539274896948,-19.237066861297816
35.0,0.9,1.3593563908785256,148.4403565034516,-23.088403148965604,150.22521026392664,-8.840940615818822
35.0,0.9,0.5956621435290104,151.63371680093783,-10.679474068781794,152.00932615222266,-4.028655941597567
35.0,0.9,0.2610157215682536,152.50287863622634,-5.271822099484559,152.5939713769328,-1.979850665038685
35.0,0.9,0.11437558630495377,153.131241041424,-3.0741966517245727,153.16209605493185,-1.1500908313643015
35.0,0.9,0.05011872336272722,153.7458173949789,-2.2582621969981433,153.76240149854772,-0.8415161549552329
35.0,0.7,1000.0,10.488510555967983,-5.845095067008663,12.007247395844763,-29.130290884503715
35.0,0.7,438.19424216194363,12.273617610037137,-4.99746683768477,13.252032449068812,-22.15475065911986
35.0,0.7,192.0141938638801,12.977982550755733,-6.948136794751018,14.720891141717381,-28.163652703832756
35.0,0.7,84.13951416451951,14.595381601351125,-13.602518870483868,19.951282758532813,-42.98341892251716
35.0,0.7,36.869450645195755,21.834654027414224,-27.736903300185247,35.29997055495519,-51.78996995880851
35.0,0.7,16.155980984398738,46.26600231999385,-44.4321355019332,64.14637663918226,-43.84166846142216
35.0,0.7,7.07945784384138,81.68966251008277,-39.98475404290435,90.95043439633908,-26.080426563409834
35.0,0.7,3.1021776647995014,99.22050476357114,-22.030588937042538,101.63688018849646,-12.5186754056895
35.0,0.7,1.3593563908785256,103.6956582733188,-10.26948313356037,104.20293579629794,-5.655835961408434
35.0,0.7,0.5956621435290104,104.68914428498543,-4.749263460782886,104.79681500189987,-2.5974642654333615
35.0,0.7,0.2610157215682536,105.05129560821157,-2.394590683306885,105.0785838004321,-1.3058019314298461
35.0,0.7,0.11437558630495377,105.40624622445208,-1.37470919292542,105.41521032799265,-0.7472096983766199
35.0,0.7,0.05011872336272722,105.68784297630606,-0.8668918560385964,105.69139820474696,-0.4699512204227209
35.0,0.5,1000.0,10.490156253499636,-5.845250219882061,12.008760483741392,-29.127115231903268
35.0,0.5,438.19424216194363,12.281750562382467,-4.997129292139474,13.259438074026379,-22.140146800288395
35.0,0.5,192.0141938638801,13.021242872121519,-6.942615860829985,14.756445402800212,-28.06547396601392
35.0,0.5,84.13951416451951,14.803510755393825,-13.537096813318191,20.059833519204744,-42.4414120897718
35.0,0.5,36.869450645195755,22.647893970586182,-27.100531852655276,35.31806801057636,-50.11452127744696
35.0,0.5,16.155980984398738,47.08247714687156,-40.83711703075237,62.32519379567983,-40.93682471476472
35.0,0.5,7.07945784384138,77.78652364149951,-33.86070291047588,84.83684613315769,-23.523634275911014
35.0,0.5,3.1021776647995014,91.26250026741783,-17.969267263174917,93.01472206611085,-11.138852787312397
35.0,0.5,1.3593563908785256,94.55704688284159,-8.316979158821075,94.92211153115045,-5.026643810354913
35.0,0.5,0.5956621435290104,95.30044951629627,-3.8689379627985976,95.37895134131072,-2.3247755372378727
35.0,0.5,0.2610157215682536,95.60870024741216,-1.9893356677907816,95.62939411811963,-1.1919845485491893
35.0,0.5,0.11437558630495377,95.94139884579047,-1.1668585807752185,95.94849436773136,-0.6968084334091582
35.0,0.5,0.05011872336272722,96.19926639494761,-0.7312087572637739,96.20204530659832,-0.4354957215603148
35.0,0.3,1000.0,10.489631723873195,-5.845233371134318,12.008294086401666,-29.12826320020763
35.0,0.3,438.19424216194363,12.279252811339221,-4.997242792101696,13.257167311609013,-22.144669496255606
35.0,0.3,192.0141938638801,13.008386104689277,-6.944373519272062,14.745929357752944,-28.095003354397534
35.0,0.3,84.13951416451951,14.740961668024074,-13.558296526691437,20.028064200113004,-42.60692266430167
35.0,0.3,36.869450645195755,22.40781028014109,-27.30018903717182,35.318695941613036,-50.62108226139165
35.0,0.3,16.155980984398738,46.87801517942036,-41.90793911862038,62.87943756373746,-41.79603040132993
35.0,0.3,7.07945784384138,78.96276373847971,-35.585002439418815,86.61068326616763,-24.258969601752312
35.0,0.3,3.1021776647995014,93.53633835027134,-19.075977569127204,95.46171752170754,-11.526933883577714
35.0,0.3,1.3593563908785256,97.14053478699724,-8.853797062548162,97.54318644133278,-5.207789394946793
35.0,0.3,0.5956621435290104,97.95249883949836,-4.1137782443846795,98.03884536420193,-2.40487688356814
35.0,0.3,0.2610157215682536,98.27738789073285,-2.1115155001102623,98.30006850624657,-1.2308255101736036
35.0,0.3,0.11437558630495377,98.62308873585877,-1.2447092970233564,98.63094308093768,-0.7230842607824218
35.0,0.3,0.05011872336272722,98.89937693009054,-0.8013721170670995,98.90262359730472,-0.464252017614771
35.0,0.1,1000.0,10.486785889201593,-5.845107169262487,12.005746795019515,-29.134348035002805
35.0,0.1,438.19424216194363,12.26489119931702,-4.997745845920805,13.244056012849793,-22.1701051224302
35.0,0.1,192.0141938638801,12.933111654074843,-6.953390782153076,14.683835344558243,-28.264364823997155
35.0,0.1,84.13951416451951,14.369032821867988,-13.666156008413145,19.830101469286692,-43.563824895271885
35.0,0.1,36.869450645195755,20.89950363088795,-28.389461274655893,35.25267030286763,-53.64056991732253
35.0,0.1,16.155980984398738,44.8377808873809,-48.523520673669275,66.06783372771343,-47.26076248137652
35.0,0.1,7.07945784384138,85.86757628986898,-48.37694098475943,98.55744049507052,-29.396479154497307
35.0,0.1,3.1021776647995014,109.64189256695704,-28.12628093692866,113.19201511152271,-14.387756571776329
35.0,0.1,1.3593563908785256,116.12022364061792,-13.2499063815718,116.87371970407864,-6.509584896746884
35.0,0.1,0.5956621435290104,117.54274746326844,-6.068023834872607,117.69927100230605,-2.9552124937375406
35.0,0.1,0.2610157215682536,117.97945346831204,-2.936099261529778,118.01598247506634,-1.4255989003991176
35.0,0.1,0.11437558630495377,118.3228613441407,-1.5461750752939984,118.33296317606607,-0.7486656701913583
35.0,0.1,0.05011872336272722,118.56016515617692,-0.8435943581940198,118.563166343098,-0.40767133393694077
40.0,0.9,1000.0,10.418104124270574,-5.912026024479106,11.978687125818997,-29.573878553967575
40.0,0.9,438.19424216194363,12.243300373014636,-5.043983469604484,13.241607654114496,-22.39063574161522
40.0,0.9,192.0141938638801,12.904743844347486,-6.97801094874389,14.670550449421247,-28.40151841119397
40.0,0.9,84.13951416451951,14.23645347790078,-13.710414343292884,19.76492016409893,-43.92165863742248
40.0,0.9,36.869450645195755,20.32565094450202,-28.748376578773858,35.2079712882286,-54.73896014943476
40.0,0.9,16.155980984398738,43.70065609277438,-50.97928350357068,67.14636765660799,-49.39603134725589
40.0,0.9,7.07945784384138,88.13622993536207,-54.325958300702766,103.53407541726882,-31.649108528721595
40.0,0.9,3.1021776647995014,116.7898037779404,-32.91740854002756,121.34007603212099,-15.740582297869851
40.0,0.9,1.3593563908785256,125.00994708512759,-15.728719173546954,125.99555340196218,-7.171256797210898
40.0,0.9,0.5956621435290104,126.84050048358985,-7.326312897968137,127.05190838238713,-3.3057337932974145
40.0,0.9,0.2610157215682536,127.43602797865067,-3.7747186146901424,127.49192024436499,-1.696633445813737
40.0,0.9,0.11437558630495377,127.98968169734442,-2.3836894607345016,128.01187677880813,-1.0669575592099096
40.0,0.9,0.05011872336272722,128.56210529419417,-1.9402879717066344,128.57674608998556,-0.8646550404921252
40.0,0.7,1000.0,10.423976653716027,-5.912378778175977,11.983968962486612,-29.561488199568494
40.0,0.7,438.19424216194363,12.272716053386043,-5.0426725506174215,13.268312092342036,-22.337015754525375
40.0,0.7,192.0141938638801,13.057575217110196,-6.958936947645262,14.79618444031409,-28.055050604289857
40.0,0.7,84.13951416451951,14.993249618312133,-13.483338931624695,20.1642744194301,-41.96485509265017
40.0,0.7,36.869450645195755,23.33540696629487,-26.485470488866877,35.29902782371267,-48.617869006143444
40.0,0.7,16.155980984398738,47.46558667253211,-37.75240953564026,60.64838286314286,-38.497469285335576
40.0,0.7,7.07945784384138,74.34325961148429,-29.332473614359802,79.920674784424,-21.53194034886702
40.0,0.7,3.1021776647995014,85.108085128091,-15.153801688218891,86.44665325954644,-10.09591702745132
40.0,0.7,1.3593563908785256,87.65993363195356,-6.99057376590819,87.93822880826693,-4.5594894188995605
40.0,0.7,0.5956621435290104,88.24976462120414,-3.2814391822119457,88.31075132057529,-2.1294791972670266
40.0,0.7,0.2610157215682536,88.53290465407463,-1.7337843912047282,88.5498798124687,-1.1219086540330228
40.0,0.7,0.11437558630495377,88.85174085049653,-1.0532330165851504,88.85798305133319,-0.6791423543818361
40.0,0.7,0.05011872336272722,89.09932191415947,-0.7112806901900554,89.10216094900986,-0.45738300851518376
40.0,0.5,1000.0,10.42596431144154,-5.912487904741392,11.985751751440787,-29.557254245941074
40.0,0.5,438.19424216194363,12.282641451572363,-5.041905102579951,13.277201817073708,-22.3176741483001
40.0,0.5,192.0141938638801,13.108413312014436,-6.950588522176493,14.837155399981793,-27.934267587531966
40.0,0.5,84.13951416451951,15.237482646691138,-13.389191218686621,20.284262838436316,-41.305805138809816
40.0,0.5,36.869450645195755,24.159035058252776,-25.622961948118114,35.21640461405161,-46.68439741650352
40.0,0.5,16.155980984398738,47.562655110788356,-33.99046528260687,58.459882751472435,-35.551347613670636
40.0,0.5,7.07945784384138,70.08330587441162,-24.516647538131835,74.24779975726771,-19.28093479125865
40.0,0.5,3.1021776647995014,78.22596877968435,-12.326350382970613,79.1911681015245,-8.95467555431852
40.0,0.5,1.3593563908785256,80.10197274035365,-5.668651913465406,80.30230165700354,-4.0479559862025205
40.0,0.5,0.5956621435290104,80.55250242102463,-2.6861947850462826,80.59727842000864,-1.9099420567049243
40.0,0.5,0.2610157215682536,80.80383783624225,-1.454195758625483,80.81692207929066,-1.0310189272315393
40.0,0.5,0.11437558630495377,81.10442789294676,-0.9006275728779319,81.10942826741679,-0.6362172732222517
40.0,0.5,0.05011872336272722,81.32919227941662,-0.5998509899480675,81.33140437759857,-0.4225826656070325
40.0,0.3,1000.0,10.42535212829352,-5.91245127265106,11.985201168540616,-29.558545570161623
40.0,0.3,438.19424216194363,12.279593848915308,-5.042150788185442,13.274475871578424,-22.323650337417934
40.0,0.3,192.0141938638801,13.092960005242091,-6.953204882496875,14.824731357999287,-27.971180060811978
40.0,0.3,84.13951416451951,15.163659417622204,-13.418754738350112,20.248445512227256,-41.5065319167598
40.0,0.3,36.869450645195755,23.918171059947625,-25.88916587273651,35.24667099796775,-47.266147885140505
40.0,0.3,16.155980984398738,47.56908743228789,-35.09330806394197,59.11309795647141,-36.417437987417514
40.0,0.3,7.07945784384138,71.33677353291618,-25.860975104909173,75.87967640589477,-19.926570733962418
40.0,0.3,3.1021776647995014,80.18544635356892,-13.099041038000298,81.24832726300458,-9.277849171481067
40.0,0.3,1.3593563908785256,82.23865848034258,-6.0305205714419765,82.4594696017929,-4.193964928345186
40.0,0.3,0.5956621435290104,82.72635289725133,-2.8536555929764393,82.7755568626626,-1.9756415091137132
40.0,0.3,0.2610157215682536,82.98862320168409,-1.542250737890876,83.00295246706362,-1.0646554237820287
40.0,0.3,0.11437558630495377,83.30113161384517,-0.9634485329386892,83.30670297894868,-0.6626449416344732
40.0,0.3,0.05011872336272722,83.5439739230352,-0.6633949340757748,83.54660778087488,-0.45495718275337904
40.0,0.1,1000.0,10.421832297886763,-5.912084174993678,11.98195842662986,-29.565321702738267
40.0,0.1,438.19424216194363,12.262032401777159,-5.043251582281519,13.258650954920638,-22.35687662299254
40.0,0.1,192.0141938638801,13.002374969535422,-6.966791853669034,14.751201428383741,-28.182814504941845
40.0,0.1,84.13951416451951,14.722333423813922,-13.57373166791244,20.024816923868183,-42.67550991118228
40.0,0.1,36.869450645195755,22.334117767514094,-27.364328791852884,35.32165492558096,-50.7794902560103
40.0,0.1,16.155980984398738,46.809252020331456,-42.24128387360513,63.051028048663866,-42.06350900418155
40.0,0.1,7.07945784384138,79.32949196374523,-36.13498305011388,87.1717000824117,-24.489503869363215
40.0,0.1,3.1021776647995014,94.25907849866424,-19.432109355877557,96.24126325769073,-11.648694718020197
40.0,0.1,1.3593563908785256,97.96852938250139,-9.01079046767161,98.38204660517243,-5.255072843737108
40.0,0.1,0.5956621435290104,98.79659732903609,-4.160672544883221,98.88416880280406,-2.4115020304119033
40.0,0.1,0.2610157215682536,99.11623261729534,-2.0807170122333463,99.13807014225563,-1.2026162822605095
40.0,0.1,0.11437558630495377,99.4156478326238,-1.1394469457088654,99.4221774722439,-0.6566636528522641
40.0,0.1,0.05011872336272722,99.61749011000607,-0.6506620667497385,99.61961502105028,-0.37422806114671486
