temperature_c,soc,r0_ohm,rct_ohm,cpe_q,cpe_n,sigma_warburg,rmse_ohm
25.0,0.9,12.04625357684464,212.4553895178067,0.00014200090761295428,0.9967624086780242,1.224019192075866,1.0792059451802327
25.0,0.7,11.89912902413639,140.94367505626812,0.00014386081956108775,0.9920061793215533,0.4986701040372217,1.0611781045216453
25.0,0.5,11.860418578746094,126.61576625529278,0.0001443604506040331,0.9906595215691257,0.4524071456520225,1.0569076437937048
25.0,0.3,11.873495046677181,130.6478338486255,0.0001441577613206654,0.9911502779876887,0.4919184561087387,1.0583456711312078
25.0,0.1,11.945854576371573,160.64412846296324,0.00014326528842762345,0.9934006651647579,0.3950150650339003,1.0664360896146474
30.0,0.9,11.933874131667805,172.1671712496547,0.00014278452809191763,0.9946477861349847,1.1524585373237473,1.0871344286543203
30.0,0.7,11.776491856411505,114.30563012402538,0.00014512981181341383,0.9888471981640916,0.446024049943754,1.0698209853084688
30.0,0.5,11.727295877966741,102.75314196415714,0.0001459383520600559,0.9869164250561783,0.3967584956375724,1.0642205159451874
30.0,0.3,11.742647467402456,106.00310380570345,0.0001456630365834914,0.987549937572412,0.4357750071237791,1.0659236911572108
30.0,0.1,11.830758919670158,130.22370877244649,0.00014433004220254972,0.9906824551526976,0.3455729416011774,1.075729760152285
35.0,0.9,11.831360782776272,140.49099943647207,0.0001436851133565374,0.9923208756713874,1.0962336665948516,1.0973882608518544
35.0,0.7,11.646156698237128,93.48064143690455,0.00014688309878794155,0.9847106772421674,0.3963935546027428,1.0766090253683336
35.0,0.5,11.585858595404757,84.11390473865573,0.00014808278550393553,0.9820488944651201,0.3460546332399281,1.0697516153967523
35.0,0.3,11.604321643476014,86.74637158781609,0.0001476910087217047,0.9829114450666536,0.385338141188646,1.0719189908654994
35.0,0.1,11.7093391820429,106.41778733435716,0.00014585135602928492,0.9870915602627044,0.29506910739238745,1.0834918445743489
40.0,0.9,11.72860883478876,115.4857515641658,0.00014474447998697484,0.9894334917018552,1.0460825666275635,1.1065102239943343
40.0,0.7,11.501866734271195,77.11355110599733,0.00014937172282007797,0.979172282243431,0.34785805605894893,1.0808222799485694
40.0,0.5,11.428661507759319,69.47780685618609,0.00015105149143709496,0.9756329277094509,0.29779413143822175,1.0724487218895196
40.0,0.3,11.4509980461476,71.62291023058337,0.00015052825445289436,0.9767589781067493,0.3359888441917885,1.0750786683495401
40.0,0.1,11.580009149448419,87.67493433099094,0.00014783928072409854,0.982530700897846,0.25032426846968037,1.0896403887599537
